AI2D,AI2D-RST,Number
atom structure,cycle,1
atom structure,diagrammatic,4
circuits,cycle,2
circuits,diagrammatic,11
circuits,illustration,13
circuits,mixed,1
circuits,network,2
circuits,photograph,1
eclipses,diagrammatic,2
eclipses,horizontal,1
eclipses,illustration,12
earthquakes,cross-section,1
earthquakes,cut-out,11
earthquakes,horizontal,1
earthquakes,vertical,2
food chains & webs,cycle,2
food chains & webs,horizontal,10
food chains & webs,illustration,2
food chains & webs,mixed,5
food chains & webs,network,102
food chains & webs,table,1
food chains & webs,vertical,9
life cycles,cycle,102
life cycles,horizontal,1
life cycles,illustration,3
life cycles,mixed,5
life cycles,network,1
life cycles,vertical,1
moon phases,cycle,49
moon phases,diagrammatic,1
moon phases,horizontal,6
moon phases,illustration,26
moon phases,mixed,3
moon phases,table,13
moon phases,vertical,1
other,cut-out,1
other,cycle,2
other,diagrammatic,1
other,horizontal,4
other,illustration,8
other,mixed,3
other,network,3
other,vertical,1
parts of,cross-section,132
parts of,cut-out,44
parts of,exploded,1
parts of,horizontal,3
parts of,illustration,93
parts of,mixed,11
parts of,photograph,7
parts of,table,1
parts of earth,cross-section,10
parts of earth,cut-out,16
parts of earth,diagrammatic,2
parts of earth,mixed,4
photosynthesis,cross-section,2
photosynthesis,cycle,1
photosynthesis,illustration,8
photosynthesis,vertical,1
rock cycle,cycle,6
rock cycle,horizontal,4
rock cycle,mixed,4
rock cycle,network,20
rock strata,cross-section,12
rock strata,cut-out,8
rock strata,mixed,3
rock strata,vertical,1
solar system,illustration,6
types of,cycle,1
types of,horizontal,31
types of,illustration,59
types of,mixed,4
types of,network,1
types of,photograph,4
types of,table,33
types of,vertical,4
volcano,cross-section,17
volcano,cut-out,5
water cycle,cycle,5
water cycle,illustration,3
water cycle,network,2
